{
    "name":"CubeGeometry.1",
    "uvs":[],
    "normals":[-0.577349,-0.577349,0.577349,-0.577349,0.577349,0.577349,-0.577349,0.577349,-0.577349,-0.577349,-0.577349,-0.577349,0.577349,0.577349,-0.577349,0.577349,-0.577349,-0.577349,0.577349,0.577349,0.577349,0.577349,-0.577349,0.577349],
    "vertices":[-7.53448,-1,1,-7.53448,1,1,-7.53448,-1,-1,-7.53448,1,-1,-5.53448,-1,1,-5.53448,1,1,-5.53448,-1,-1,-5.53448,1,-1],
    "materials":[{
        "opacity":1,
        "colorDiffuse":[0.180069,0.130829,0.09134],
        "DbgIndex":0,
        "depthWrite":true,
        "specularCoef":256,
        "DbgColor":15658734,
        "depthTest":true,
        "shading":"phong",
        "wireframe":false,
        "DbgName":"Marble.Black.01",
        "blending":"NormalBlending",
        "transparent":false,
        "colorEmissive":[0,0,0],
        "visible":true,
        "colorSpecular":[0.25,0.25,0.25]
    }],
    "faces":[35,0,1,3,2,0,0,1,2,3,35,2,3,7,6,0,3,2,4,5,35,6,7,5,4,0,5,4,6,7,35,1,0,4,5,0,1,0,7,6,35,4,0,2,6,0,7,0,3,5,35,7,3,1,5,0,4,2,1,6],
    "metadata":{
        "faces":6,
        "vertices":8,
        "materials":1,
        "generator":"io_three",
        "normals":8,
        "uvs":0,
        "version":3,
        "type":"Geometry"
    }
}