{
    "name":"CubeGeometry.1",
    "metadata":{
        "version":3,
        "normals":12,
        "generator":"io_three",
        "uvs":0,
        "vertices":12,
        "type":"Geometry",
        "faces":10,
        "materials":1
    },
    "normals":[0.396252,0.828181,-0.396252,-0.396252,0.828181,-0.396252,-0.396252,0.828181,0.396252,0.396252,0.828181,0.396252,0.577349,-0.577349,-0.577349,0.674093,0.30192,-0.674093,0.674093,0.30192,0.674093,0.577349,-0.577349,0.577349,-0.577349,-0.577349,0.577349,-0.674093,0.30192,0.674093,-0.674093,0.30192,-0.674093,-0.577349,-0.577349,-0.577349],
    "faces":[35,10,6,4,8,0,0,1,2,3,35,3,11,9,2,0,4,5,6,7,35,0,5,7,1,0,8,9,10,11,35,2,0,1,3,0,7,8,11,4,35,1,7,11,3,0,11,10,5,4,35,4,6,7,5,0,2,1,10,9,35,6,10,11,7,0,1,0,5,10,35,10,8,9,11,0,0,3,6,5,35,8,4,5,9,0,3,2,9,6,35,5,0,2,9,0,9,8,7,6],
    "uvs":[],
    "vertices":[-1,-0.645,1,-1,-0.645,-1,1,-0.645,1,1,-0.645,-1,-0.97244,0.645,0.97244,-1,0.598878,1,-0.97244,0.645,-0.97244,-1,0.598878,-1,0.97244,0.645,0.97244,1,0.598878,1,0.97244,0.645,-0.97244,1,0.598878,-1],
    "materials":[{
        "shading":"lambert",
        "blending":"NormalBlending",
        "DbgIndex":0,
        "transparent":false,
        "DbgColor":15658734,
        "opacity":1,
        "depthWrite":true,
        "DbgName":"Board.Base",
        "visible":true,
        "colorDiffuse":[0.399367,0.227986,0.111774],
        "colorEmissive":[0,0,0],
        "wireframe":false,
        "depthTest":true
    }]
}