{
    "name":"PlaneGeometry.2",
    "uvs":[],
    "normals":[0,-1,0,0,-0.707083,-0.707083,0.577349,-0.577349,-0.577349,0.707083,-0.707083,0,0,-0.707083,0.707083,0.577349,-0.577349,0.577349,-0.707083,-0.707083,0,-0.577349,-0.577349,0.577349,-0.577349,-0.577349,-0.577349,0,1,0,0.707083,0.707083,0,0.577349,0.577349,-0.577349,0,0.707083,-0.707083,0,0.707083,0.707083,0.577349,0.577349,0.577349,-0.707083,0.707083,0,-0.577349,0.577349,0.577349,-0.577349,0.577349,-0.577349],
    "vertices":[-8.96594,0,8.96594,8.96594,0,8.96594,-8.96594,-0,-8.96594,8.96594,-0,-8.96594,-8.96594,-0,-7.99726,-8.96594,0,7.99726,8.96594,0,7.99726,8.96594,-0,-7.99726,-7.99479,0,8.96594,7.99479,0,8.96594,7.99479,-0,-8.96594,-7.99479,-0,-8.96594,7.99479,0,7.99726,-7.99479,0,7.99726,7.99479,-0,-7.99726,-7.99479,-0,-7.99726,-0,0,7.99726,-0,-0,-7.99726,-7.99479,0,0,7.99479,-0,-0,-0,0,0,-3.9974,0,7.99726,-3.9974,-0,-7.99726,-7.99479,-0,-3.99863,7.99479,-0,-3.99863,3.9974,0,7.99726,3.9974,-0,-7.99726,-7.99479,0,3.99863,7.99479,0,3.99863,-0,-0,-3.99863,-0,0,3.99863,-3.9974,0,0,3.9974,-0,-0,3.9974,0,3.99863,-3.9974,0,3.99863,-3.9974,-0,-3.99863,3.9974,-0,-3.99863,-5.9961,0,7.99726,-5.9961,-0,-7.99726,-7.99479,-0,-5.99794,7.99479,-0,-5.99794,1.9987,0,7.99726,1.9987,-0,-7.99726,-7.99479,0,1.99931,7.99479,0,1.99931,-0,-0,-5.99794,-0,0,1.99931,-5.9961,0,0,1.9987,-0,-0,-1.9987,0,7.99726,-1.9987,-0,-7.99726,-7.99479,-0,-1.99931,7.99479,-0,-1.99931,5.99609,0,7.99726,5.99609,-0,-7.99726,-7.99479,0,5.99794,7.99479,0,5.99794,-0,-0,-1.99931,-0,0,5.99794,-1.9987,0,0,5.99609,-0,-0,3.9974,0,1.99931,3.9974,0,5.99794,1.9987,0,3.99863,5.99609,0,3.99863,-3.9974,0,1.99931,-3.9974,0,5.99794,-5.9961,0,3.99863,-1.9987,0,3.99863,-3.9974,-0,-5.99794,-3.9974,-0,-1.99931,-5.9961,-0,-3.99863,-1.9987,-0,-3.99863,3.9974,-0,-5.99794,3.9974,-0,-1.99931,1.9987,-0,-3.99863,5.99609,-0,-3.99863,5.99609,-0,-1.99931,1.9987,-0,-1.99931,1.9987,-0,-5.99794,-1.9987,-0,-1.99931,-5.9961,-0,-1.99931,-5.9961,-0,-5.99794,-1.9987,0,5.99794,-5.9961,0,5.99794,-5.9961,0,1.99931,5.99609,0,5.99794,1.9987,0,5.99794,1.9987,0,1.99931,5.99609,0,1.99931,-1.9987,0,1.99931,-1.9987,-0,-5.99794,5.99609,-0,-5.99794,-8.96594,0.649379,7.99726,-8.96594,0.649379,8.96594,7.99479,0.649379,8.96594,8.96594,0.649379,8.96594,8.96594,0.649378,-7.99726,8.96594,0.649378,-8.96594,-7.99479,0.649378,-8.96594,-8.96594,0.649378,-8.96594,-8.96594,0.649378,-7.99726,8.96594,0.649379,7.99726,-7.99479,0.649379,7.99726,-7.99479,0.649378,-7.99726,-7.99479,0.649379,8.96594,7.99479,0.649378,-8.96594,7.99479,0.649379,7.99726,-5.9961,0.649379,7.99726,7.99479,0.649378,-7.99726,-5.9961,0.649378,-7.99726,-7.99479,0.649378,-5.99794,7.99479,0.649378,-5.99794,1.9987,0.649379,7.99726,-0,0.649379,7.99726,1.9987,0.649378,-7.99726,-0,0.649378,-7.99726,-7.99479,0.649378,1.99931,-7.99479,0.649378,-0,7.99479,0.649378,1.99931,7.99479,0.649378,-1e-06,-0,0.649378,-5.99794,-0,0.649378,1.99931,-0,0.649378,-0,-5.9961,0.649378,-0,1.9987,0.649378,-0,-1.9987,0.649379,7.99726,-3.9974,0.649379,7.99726,-1.9987,0.649378,-7.99726,-3.9974,0.649378,-7.99726,-7.99479,0.649378,-1.99931,-7.99479,0.649378,-3.99863,7.99479,0.649378,-1.99931,7.99479,0.649378,-3.99863,5.99609,0.649379,7.99726,3.9974,0.649379,7.99726,5.99609,0.649378,-7.99726,3.9974,0.649378,-7.99726,-7.99479,0.649379,5.99794,-7.99479,0.649379,3.99863,7.99479,0.649379,5.99794,7.99479,0.649379,3.99863,-0,0.649378,-1.99931,-0,0.649378,-3.99863,-0,0.649379,5.99794,-0,0.649379,3.99863,-1.9987,0.649378,-0,-3.9974,0.649378,-0,5.99609,0.649378,-0,3.9974,0.649378,-0,3.9974,0.649378,1.99931,3.9974,0.649379,5.99794,3.9974,0.649379,3.99863,1.9987,0.649379,3.99863,5.99609,0.649379,3.99863,-3.9974,0.649378,1.99931,-3.9974,0.649379,5.99794,-3.9974,0.649379,3.99863,-5.9961,0.649379,3.99863,-1.9987,0.649379,3.99863,-3.9974,0.649378,-5.99794,-3.9974,0.649378,-1.99931,-3.9974,0.649378,-3.99863,-5.9961,0.649378,-3.99863,-1.9987,0.649378,-3.99863,3.9974,0.649378,-5.99794,3.9974,0.649378,-1.99931,3.9974,0.649378,-3.99863,1.9987,0.649378,-3.99863,5.99609,0.649378,-3.99863,5.99609,0.649378,-1.99931,1.9987,0.649378,-1.99931,1.9987,0.649378,-5.99794,-1.9987,0.649378,-1.99931,-5.9961,0.649378,-1.99931,-5.9961,0.649378,-5.99794,-1.9987,0.649379,5.99794,-5.9961,0.649379,5.99794,-5.9961,0.649378,1.99931,5.99609,0.649379,5.99794,1.9987,0.649379,5.99794,1.9987,0.649378,1.99931,5.99609,0.649378,1.99931,-1.9987,0.649378,1.99931,-1.9987,0.649378,-5.99794,5.99609,0.649378,-5.99794],
    "materials":[{
        "opacity":1,
        "colorDiffuse":[0.399367,0.227986,0.111774],
        "DbgIndex":2,
        "depthWrite":true,
        "DbgColor":60928,
        "depthTest":true,
        "shading":"lambert",
        "wireframe":false,
        "DbgName":"Board.Base",
        "blending":"NormalBlending",
        "transparent":false,
        "colorEmissive":[0,0,0],
        "visible":true
    },{
        "opacity":1,
        "colorDiffuse":[0.058589,0.049427,0.041343],
        "DbgIndex":1,
        "depthWrite":true,
        "specularCoef":50,
        "DbgColor":15597568,
        "depthTest":true,
        "shading":"phong",
        "wireframe":false,
        "DbgName":"Board.Black",
        "blending":"NormalBlending",
        "transparent":false,
        "colorEmissive":[0,0,0],
        "visible":true,
        "colorSpecular":[0.5,0.5,0.5]
    },{
        "opacity":1,
        "colorDiffuse":[0.64,0.50018,0.366354],
        "DbgIndex":0,
        "depthWrite":true,
        "specularCoef":50,
        "DbgColor":15658734,
        "depthTest":true,
        "shading":"phong",
        "wireframe":false,
        "DbgName":"Board.White",
        "blending":"NormalBlending",
        "transparent":false,
        "colorEmissive":[0,0,0],
        "visible":true,
        "colorSpecular":[0.5,0.5,0.5]
    }],